{
  "$schema": "http://json-schema.org/schema#",
  "anyOf": [
    {
      "type": "object"
    },
    {
      "type": "array",
      "items": {
        "type": "object",
        "properties": {
          "airline": {
            "type": "object",
            "properties": {
              "airline_id": {
                "type": "integer"
              },
              "name": {
                "type": "string"
              },
              "alias": {
                "type": "string"
              },
              "iata": {
                "type": "string"
              },
              "icao": {
                "type": "string"
              },
              "callsign": {
                "type": "string"
              },
              "country": {
                "type": "string"
              },
              "active": {
                "type": "boolean"
              }
            },
            "required": [
              "active",
              "airline_id",
              "alias",
              "callsign",
              "country",
              "iata",
              "icao",
              "name"
            ]
          },
          "src_airport": {
            "anyOf": [
              {
                "type": "null"
              },
              {
                "type": "object",
                "properties": {
                  "airport_id": {
                    "type": "integer"
                  },
                  "name": {
                    "type": "string"
                  },
                  "city": {
                    "type": "string"
                  },
                  "country": {
                    "type": "string"
                  },
                  "iata": {
                    "type": "string"
                  },
                  "icao": {
                    "type": "string"
                  },
                  "latitude": {
                    "type": "number"
                  },
                  "longitude": {
                    "type": "number"
                  },
                  "altitude": {
                    "type": "integer"
                  },
                  "timezone": {
                    "type": "number"
                  },
                  "dst": {
                    "type": "string"
                  },
                  "tz_id": {
                    "type": "string"
                  },
                  "type": {
                    "type": "string"
                  },
                  "source": {
                    "type": "string"
                  }
                },
                "required": [
                  "airport_id",
                  "altitude",
                  "city",
                  "country",
                  "dst",
                  "iata",
                  "icao",
                  "latitude",
                  "longitude",
                  "name",
                  "source",
                  "timezone",
                  "type",
                  "tz_id"
                ]
              }
            ]
          },
          "dst_airport": {
            "anyOf": [
              {
                "type": "null"
              },
              {
                "type": "object",
                "properties": {
                  "airport_id": {
                    "type": "integer"
                  },
                  "name": {
                    "type": "string"
                  },
                  "city": {
                    "type": "string"
                  },
                  "country": {
                    "type": "string"
                  },
                  "iata": {
                    "type": "string"
                  },
                  "icao": {
                    "type": "string"
                  },
                  "latitude": {
                    "type": "number"
                  },
                  "longitude": {
                    "type": "number"
                  },
                  "altitude": {
                    "type": "integer"
                  },
                  "timezone": {
                    "type": "number"
                  },
                  "dst": {
                    "type": "string"
                  },
                  "tz_id": {
                    "type": "string"
                  },
                  "type": {
                    "type": "string"
                  },
                  "source": {
                    "type": "string"
                  }
                },
                "required": [
                  "airport_id",
                  "altitude",
                  "city",
                  "country",
                  "dst",
                  "iata",
                  "icao",
                  "latitude",
                  "longitude",
                  "name",
                  "source",
                  "timezone",
                  "type",
                  "tz_id"
                ]
              }
            ]
          },
          "codeshare": {
            "type": "boolean"
          },
          "equipment": {
            "type": "array",
            "items": {
              "type": "string"
            }
          }
        },
        "required": [
          "airline",
          "codeshare",
          "dst_airport",
          "equipment",
          "src_airport"
        ]
      }
    }
  ]
}